series_id,year,raw_ring_width,fitted_growth,rwi
10TANA,1942,220,321.1121795147255,0.6851188277332573
10TANA,1943,360,317.6963353958004,1.13315754666007
10TANA,1944,320,314.52802781877415,1.0173974072173266
10TANA,1945,300,311.5893185120389,0.9628057901105774
10TANA,1946,437,308.8635691396885,1.4148641784371785
10TANA,1947,220,306.3353470988624,0.7181672049389725
10TANA,1948,356,303.99033814368954,1.171089851650899
10TANA,1949,251,301.8152653411266,0.831634542130622
10TANA,1950,357,299.79781389983754,1.1908025457426241
10TANA,1951,259,297.9265614465113,0.8693417557081428
10TANA,1952,214,296.1909133548565,0.7225069721960502
10TANA,1953,272,294.58104276112124,0.9233452276851623
10TANA,1954,400,293.08783492651776,1.364778582844583
10TANA,1955,382,291.70283563154464,1.3095518909610855
10TANA,1956,292,290.4182033100264,1.005446616885392
10TANA,1957,375,289.226664651863,1.296560953158938
10TANA,1958,292,288.1214734231232,1.0134614283718486
10TANA,1959,292,287.0963722703278,1.0170800755540548
10TANA,1960,223,286.1455572926694,0.7793236495086163
10TANA,1961,337,285.26364518158255,1.1813632956470321
10TANA,1962,324,284.44564274161553,1.1390577014193
10TANA,1963,80,283.6869186200391,0.282001018549429
10TANA,1964,400,282.9831770851298,1.4135115879332574
10TANA,1965,382,282.3304337046669,1.3530245216128307
10TANA,1966,140,281.72499278694,0.49693851658336086
10TANA,1967,167,281.16342645654214,0.5939606089763323
10TANA,1968,334,280.64255524648166,1.190125993923679
10TANA,1969,394,280.1594300967284,1.4063420955131398
10TANA,1970,158,279.71131565727416,0.5648681020598927
10TANA,1971,245,279.2956748011731,0.8772065667483474
10TANA,1972,223,278.9101542598783,0.7995406283853571
10TANA,1973,165,278.55257129954464,0.5923477899709114
10TANA,1974,289,278.2209013628623,1.0387429505990973
10TANA,1975,387,277.9132666064516,1.3925207843640812
10TANA,1976,324,277.62792526892025,1.1670295763157186
10TANA,1977,336,277.3632618093875,1.2114077322573076
10TANA,1978,343,277.1177777606413,1.2377408723891545
10TANA,1979,206,276.89008324514145,0.7439775292263546
10TANA,1980,386,276.6788891058338,1.3951190900305708
10TANA,1981,351,276.48299960722204,1.2695174766572934
10TANA,1982,150,276.3013056653724,0.5428855996129982
10TANA,1983,176,276.1327785685202,0.6373745301531704
10TANA,1984,155,275.9764641527269,0.5616420968210613
10TANA,1985,125,275.83147739961,0.4531752546099249
10TANA,1986,190,275.6969974255609,0.6891623839730088
10TANA,1987,246,275.57226283407954,0.8926878107036308
10TANA,1988,208,275.4565674049122,0.7551099687314652
10TANA,1989,402,275.3492560955855,1.4599639951830798
10TANA,1990,222,275.24972133269716,0.8065403260905261
10TANA,1991,120,275.1573995719677,0.4361140212353762
10TANA,1992,288,275.07176810757414,1.0469994866480443
10TANA,1993,321,274.99234211270317,1.167305233061512
10TANA,1994,314,274.91867189456633,1.1421559613834513
10TANA,1995,268,274.8503403483371,0.9750761074566792
10TANA,1996,500,274.7869605955936,1.8195914351840532
10TANA,1997,400,274.72817379389653,1.4559846355622903
10TANA,1998,250,274.67364710510117,0.9101710434723284
10TANA,1999,388,274.6230718108999,1.4128456048556957
10TANA,2000,488,274.57616156492566,1.7772846601783696
10TANA,2001,90,274.5326507715213,0.3278298582958067
10TANA,2002,439,274.49229308199386,1.599316305280986
10TANA,2003,230,274.4548599998422,0.8380248759308989
10TANA,2004,270,274.4201395870589,0.9838928017684482
10TANA,2005,150,274.38793526418317,0.5466712661968124
10TANA,2006,180,274.3580646973108,0.6560769416367892
10TANA,2007,200,274.3303587657586,0.7290480021964074
10TANA,2008,220,274.3046606045401,0.8020279331570304
10TANA,2009,180,274.2808247162298,0.6562616988855401
10TANA,2010,378,274.2587161471881,1.3782606631802958
10TANA,2011,350,274.23820972348346,1.2762627073481398
10TANA,2012,376,274.21918934218405,1.371165894341584
10TANA,2013,180,274.2015473140087,0.656451437868323
10TANA,2014,401,274.185183753613,1.4625152041780083
11TANA,1952,456,548.6566483242863,0.8311208866104525
11TANA,1953,467,489.1976009561372,0.9546244689001909
11TANA,1954,600,442.87456029860925,1.3547854263641799
11TANA,1955,569,406.78545038615437,1.3987717590682218
11TANA,1956,280,378.6693371995821,0.7394314049051791
11TANA,1957,370,356.76478420180024,1.0370978762038168
11TANA,1958,200,339.69950071653585,0.588755648972505
11TANA,1959,376,326.4043697699273,1.1519453623278118
11TANA,1960,341,316.0464693553166,1.0789552583693927
11TANA,1961,378,307.97689099389703,1.2273648155227679
11TANA,1962,300,301.6900864944798,0.9943979382480945
11TANA,1963,100,296.79219604175717,0.3369360830024335
11TANA,1964,406,292.9763734105469,1.3857772736884604
11TANA,1965,310,290.0035624639969,1.0689523858469345
11TANA,1966,149,287.68752060931445,0.517923056531691
11TANA,1967,218,285.8831509507372,0.7625493117555756
11TANA,1968,134,284.47741216488083,0.4710391555528306
11TANA,1969,289,283.38223661442333,1.0198239785693424
11TANA,1970,116,282.52901302951017,0.4105773023313673
11TANA,1971,246,281.8642881043163,0.872760439623188
11TANA,1972,251,281.3464177195929,0.8921386027746121
11TANA,1973,208,280.9429579948123,0.7403638143649104
11TANA,1974,226,280.62863272284875,0.805334786430006
11TANA,1975,300,280.38374984972256,1.0699621506624089
11TANA,1976,289,280.19296779400077,1.0314320244199497
11TANA,1977,244,280.0443343174298,0.8712906140190875
11TANA,1978,283,279.9285377333433,1.0109723084738953
11TANA,1979,260,279.83832354206254,0.929107910271337
11TANA,1980,442,279.76803994628426,1.5798802468104092
11TANA,1981,300,279.7132837736091,1.0725268244421682
11TANA,1982,120,279.6706246237344,0.42907616830136025
11TANA,1983,257,279.6373899585063,0.9190473421245088
11TANA,1984,194,279.6114976710119,0.693819823633499
11TANA,1985,150,279.5913256443917,0.536497331075224
11TANA,1986,300,279.57561012840836,1.073054977371634
11TANA,1987,338,279.5633665671998,1.2090282219389197
11TANA,1988,294,279.5538279181841,1.0516758156716917
11TANA,1989,476,279.54639659787654,1.7027584894421628
11TANA,1990,389,279.54060704409153,1.3915688461628175
11TANA,1991,235,279.5360965490997,0.8406785488568306
11TANA,1992,257,279.5325825364785,0.9193919280106173
11TANA,1993,320,279.52984485808093,1.144779371098875
11TANA,1994,312,279.5277120020509,1.1161684033592736
11TANA,1995,317,279.5260503478373,1.1340624589569765
11TANA,1996,440,279.5247557950468,1.5741002930080972
11TANA,1997,390,279.5237472416944,1.39523029384255
11TANA,1998,270,279.52296150327425,0.965931380191238
11TANA,1999,514,279.52234935433484,1.83885117303601
11TANA,2000,565,279.52187244457144,2.0213087264290497
11TANA,2001,130,279.5215008962313,0.46508050215521984
11TANA,2002,495,279.5212114323124,1.7708852843887557
11TANA,2003,292,279.5209859182909,1.0446442832931226
11TANA,2004,300,279.5208102260178,1.0732653492146897
11TANA,2005,160,279.5206733486094,0.5724084665482078
11TANA,2006,200,279.52056671088087,0.7155108561541659
11TANA,2007,210,279.52048363212236,0.7512866222583585
11TANA,2008,220,279.5204189075619,0.7870623579480057
11TANA,2009,190,279.5203684822931,0.6797357953970928
11TANA,2010,300,279.520329197241,1.0732671962056388
11TANA,2011,256,279.52029859124997,0.9158547743767106
11TANA,2012,329,279.5202747468961,1.1770165877874421
11TANA,2013,200,279.52025617036287,0.7155116510701227
11TANA,2014,300,279.5202416978554,1.0732675321749399
12TANA,1912,288,232.92927475418884,1.2364268093992372
12TANA,1913,139,222.4752167779442,0.6247886933794425
12TANA,1914,163,215.04495598158246,0.7579810428753332
12TANA,1915,158,209.7638703373853,0.7532279021447877
12TANA,1916,454,206.01031896877092,2.2037731035639134
12TANA,1917,187,203.34246829827325,0.9196308157610181
12TANA,1918,138,201.4462834586071,0.6850461454572134
12TANA,1919,119,200.09856299361232,0.5947069195284466
12TANA,1920,249,199.1406656337296,1.2503724400418266
12TANA,1921,198,198.4598365034294,0.9976829744923152
12TANA,1922,310,197.97593465331664,1.5658468820609588
12TANA,1923,120,197.63199960394633,0.6071891203877888
12TANA,1924,271,197.38754648156666,1.3729336264145102
12TANA,1925,130,197.2138005107778,0.6591830777729749
12TANA,1926,157,197.0903099123698,0.7965891375877651
12TANA,1927,92,197.00253850779606,0.4669990584733468
12TANA,1928,210,196.94015465380102,1.0663137762289094
12TANA,1929,201,196.89581509630872,1.0208444496480729
12TANA,1930,157,196.86430059002691,0.7975036587611435
12TANA,1931,96,196.84190153684827,0.48770103951687876
12TANA,1932,239,196.82598132604716,1.2142705876013926
12TANA,1933,186,196.81466597669151,0.945051523863713
12TANA,1934,155,196.8066235498267,0.7875751191918484
12TANA,1935,199,196.80090736486034,1.0111741996751196
12TANA,1936,200,196.7968445650216,1.0162764572880136
12TANA,1937,156,196.7939569148446,0.7927072682801093
12TANA,1938,288,196.79190450668384,1.4634748351155795
12TANA,1939,277,196.7904457499092,1.4075886608439567
12TANA,1940,197,196.78940893307706,1.001070134150332
12TANA,1941,176,196.78867201163675,0.8943604232950592
12TANA,1942,153,196.78814824196758,0.7774858464132385
12TANA,1943,365,196.78777597071672,1.8547900051185817
12TANA,1944,275,196.78751137753318,1.3974464033564489
12TANA,1945,321,196.78732331693863,1.631202633327193
12TANA,1946,315,196.78718965216785,1.6007139517403535
12TANA,1947,133,196.78709464943222,0.6758573281288278
12TANA,1948,277,196.78702712588262,1.4076131137587946
12TANA,1949,89,196.78697913326727,0.4522656955861281
12TANA,1950,203,196.78694502233645,1.0315724957108223
12TANA,1951,181,196.78692077786485,0.9197765750108703
12TANA,1952,150,196.786903546016,0.7622458471425895
12TANA,1953,184,196.78689129841496,0.9350216306886802
12TANA,1954,278,196.78688259338676,1.4126957871192096
12TANA,1955,203,196.7868764062554,1.0315728554017898
12TANA,1956,268,196.78687200872866,1.3618794651510728
12TANA,1957,222,196.7868688831701,1.1281240524833933
12TANA,1958,216,196.78686666166763,1.0976342256181415
12TANA,1959,246,196.78686508272648,1.2500834336508435
12TANA,1960,149,196.78686396048812,0.7571643604723381
12TANA,1961,231,196.78686316285302,1.173858845490278
12TANA,1962,215,196.7868625959309,1.0925526082575276
12TANA,1963,161,196.78686219298888,0.8181440478587808
12TANA,1964,225,196.78686190659633,1.1433690126467633
12TANA,1965,140,196.78686170304175,0.7114296086049936
12TANA,1966,87,196.7868615583646,0.44210268567242156
12TANA,1967,108,196.78686145553473,0.548817127328408
12TANA,1968,118,196.78686138244805,0.5996335282296684
12TANA,1969,249,196.7868613305014,1.265328377700009
12TANA,1970,70,196.78686129358013,0.35571480504264563
12TANA,1971,59,196.7868612673382,0.29981676429021104
12TANA,1972,113,196.78686124868665,0.5742253282712703
12TANA,1973,88,196.78686123543,0.447184326471468
12TANA,1974,137,196.78686122600777,0.6961846901082326
12TANA,1975,397,196.78686121931088,2.0174111093603946
12TANA,1976,241,196.78686121455107,1.2246752578529347
12TANA,1977,234,196.786861211168,1.1891037773548272
12TANA,1978,95,196.78686120876347,0.482755807051662
12TANA,1979,59,196.78686120705444,0.299816764382057
12TANA,1980,122,196.78686120583973,0.6199600890650295
12TANA,1981,88,196.7868612049764,0.4471843265406717
12TANA,1982,114,196.78686120436276,0.5793069684749493
12TANA,1983,182,196.7868612039266,0.924858493532232
12TANA,1984,170,196.78686120361664,0.8638788126413577
12TANA,1985,121,196.7868612033963,0.6148784489983606
12TANA,1986,211,196.7868612032397,1.0722260556922094
12TANA,1987,193,196.7868612031284,0.9807565343540923
12TANA,1988,174,196.78686120304928,0.8842053729413506
12TANA,1989,400,196.78686120299307,2.0326560297508123
12TANA,1990,212,196.7868612029531,1.077307695768149
12TANA,1991,50,196.7868612029247,0.25408200371893974
12TANA,1992,150,196.7868612029045,0.7622460111568976
12TANA,1993,239,196.78686120289018,1.2145119777767452
12TANA,1994,325,196.78686120287998,1.651533024173484
12TANA,1995,205,196.78686120287273,1.0417362152479281
12TANA,1996,183,196.78686120286756,0.9299401336115897
12TANA,1997,296,196.78686120286392,1.504165462016588
12TANA,1998,248,196.7868612028613,1.2602467384463474
12TANA,1999,405,196.78686120285946,2.058064230124095
12TANA,2000,321,196.78686120285815,1.631206463876145
12TANA,2001,60,196.7868612028572,0.3048984044628323
12TANA,2002,250,196.78686120285653,1.270410018595139
12TANA,2003,200,196.78686120285607,1.0163280148761136
12TANA,2004,359,196.78686120285573,1.824308786702627
12TANA,2005,150,196.7868612028555,0.7622460111570873
12TANA,2006,160,196.78686120285533,0.8130624119008939
12TANA,2007,160,196.7868612028552,0.8130624119008945
12TANA,2008,180,196.7868612028551,0.9146952133885067
12TANA,2009,183,196.78686120285505,0.9299401336116487
12TANA,2010,236,196.78686120285502,1.1992670575538205
12TANA,2011,214,196.786861202855,1.0874709759174475
12TANA,2012,264,196.78686120285496,1.3415529796364773
12TANA,2013,140,196.78686120285494,0.7114296104132836
12TANA,2014,264,196.78686120285494,1.3415529796364776
13TANA,1911,250,299.37347403663625,0.8350773254193051
13TANA,1912,300,297.03952835605054,1.009966591518422
13TANA,1913,120,294.72377835047416,0.4071609039203502
13TANA,1914,280,292.42608216459666,0.9575069293661622
13TANA,1915,280,290.1462990490259,0.9650304033438266
13TANA,1916,600,287.8842893516661,2.0841706970228855
13TANA,1917,180,285.63991450916325,0.6301640312044893
13TANA,1918,297,283.41303703841714,1.0479405009154223
13TANA,1919,160,281.20352052815974,0.5689829192020289
13TANA,1920,350,279.01122963059873,1.2544297964758908
13TANA,1921,165,276.83603005312716,0.5960206840429517
13TANA,1922,450,274.67778855009624,1.6382831767189947
13TANA,1923,140,272.5363729146541,0.5136929008879177
13TANA,1924,400,270.4116519706465,1.4792261985937665
13TANA,1925,300,268.30349556458185,1.1181367554258668
13TANA,1926,445,266.21177455765803,1.671601493733399
13TANA,1927,130,264.1363608178523,0.49217002762314743
13TANA,1928,468,262.0771272120716,1.7857338600224222
13TANA,1929,389,260.0339475983658,1.4959585223112026
13TANA,1930,370,258.00669681819966,1.4340713034309907
13TANA,1931,134,255.9952506887866,0.52344721099105
13TANA,1932,144,253.99948599548148,0.5669302811209692
13TANA,1933,149,252.019280484233,0.5912246067590922
13TANA,1934,101,250.05451285409467,0.4039119264323492
13TANA,1935,133,248.10506274979429,0.5360632246917351
13TANA,1936,169,246.17081075436158,0.6865151862729757
13TANA,1937,96,244.25163838181294,0.39303728169852964
13TANA,1938,123,242.3474280698933,0.5075358173990056
13TANA,1939,113,240.45806317287483,0.46993641431254407
13TANA,1940,165,238.58342795441155,0.6915819820961251
13TANA,1941,289,236.72340758044953,1.220834065181258
13TANA,1942,272,234.87788811219278,1.1580485595565102
13TANA,1943,263,233.04675649912352,1.128528901027589
13TANA,1944,333,231.22990057207724,1.4401251705602829
13TANA,1945,200,229.4272090363715,0.8717361852590625
13TANA,1946,290,227.6385714649883,1.273949305399692
13TANA,1947,228,225.8638782918099,1.0094575623350905
13TANA,1948,279,224.1030208049069,1.2449631379261226
13TANA,1949,260,222.35589113987908,1.1692966562169467
13TANA,1950,308,220.62238227324795,1.3960505585445635
13TANA,1951,248,218.9023880159007,1.1329250550797358
13TANA,1952,247,217.19580300658563,1.1372227114006925
13TANA,1953,336,215.5025227054579,1.5591464813580596
13TANA,1954,349,213.82244338767586,1.6321953601813317
13TANA,1955,160,212.15546213704698,0.7541639436869371
13TANA,1956,143,210.5014768397239,0.6793301507755235
13TANA,1957,310,208.86038617794898,1.4842450771678652
13TANA,1958,197,207.23208962384794,0.9506249749137768
13TANA,1959,200,205.61648743327203,0.9726846445857377
13TANA,1960,227,204.01348063968786,1.112671570958142
13TANA,1961,220,202.42297104811504,1.0868331734332017
13TANA,1962,216,200.84486122911113,1.0754569406363892
13TANA,1963,100,199.27905451280347,0.5018088842526855
13TANA,1964,242,197.72545498296734,1.2239192976991586
13TANA,1965,102,196.1839674711506,0.5199201612384529
13TANA,1966,75,194.65449755084393,0.3852980585789441
13TANA,1967,157,193.13695153169655,0.8128946778692115
13TANA,1968,142,191.63123645377703,0.7410065427107523
13TANA,1969,479,190.13726008187905,2.5192326837660732
13TANA,1970,130,188.654930899871,0.6890888002762979
13TANA,1971,60,187.18415810509043,0.32053994636829425
13TANA,1972,170,185.72485160278143,0.9153325391455264
13TANA,1973,236,184.27692200057595,1.2806812564367793
13TANA,1974,216,182.84028060301773,1.1813589395488764
13TANA,1975,281,181.41483940612932,1.5489361340002161
13TANA,1976,277,180.00051109202104,1.5388845193800047
13TANA,1977,235,178.5972090235422,1.315810035805335
13TANA,1978,226,177.20484723897417,1.2753601468656321
13TANA,1979,197,175.82334044676443,1.1204428234580575
13TANA,1980,200,174.452604020302,1.1464431908206134
13TANA,1981,200,173.09255399273343,1.1554512044948864
13TANA,1982,85,171.74310705181932,0.4949252488739086
13TANA,1983,124,170.40418053483089,0.7276816778251177
13TANA,1984,213,169.07569242348623,1.2597907892430567
13TANA,1985,100,167.75756133892622,0.5960983171301987
13TANA,1986,188,166.44970653672956,1.129470300138469
13TANA,1987,344,165.15204790196648,2.082929060644751
13TANA,1988,330,163.86450594429132,2.0138589385073384
13TANA,1989,320,162.58700179307309,1.9681770158186986
13TANA,1990,158,161.3194571925642,0.9794230823092728
13TANA,1991,89,160.06179449710672,0.5560352505082578
13TANA,1992,101,158.81393666637607,0.6359643373879267
13TANA,1993,157,157.5758072606618,0.9963458396902939
13TANA,1994,85,156.34733043618505,0.543661345306396
13TANA,1995,93,155.12843094045277,0.599503259564965
13TANA,1996,183,153.9190341076479,1.1889367748501687
13TANA,1997,144,152.71906585405546,0.9429078104603668
13TANA,1998,132,151.5284526735247,0.871123526116909
13TANA,1999,129,150.34712163296618,0.8580144308643322
13TANA,2000,77,149.1750003678841,0.5161722796052182
13TANA,2001,70,148.01201707794363,0.472934572353931
13TANA,2002,75,146.85810052257244,0.5106970588147592
13TANA,2003,97,145.71318001659697,0.665691325856395
13TANA,2004,126,144.57718542591226,0.8715067984538125
13TANA,2005,82,143.45004716318604,0.5716275569203428
13TANA,2006,130,142.3316961835957,0.9133594517999077
13TANA,2007,150,141.22206398059913,1.0621569730110074
13TANA,2008,160,140.12108258173805,1.141869567748064
13TANA,2009,89,139.02868454447432,0.6401556649378317
13TANA,2010,130,137.94480295205855,0.942405927718642
13TANA,2011,115,136.86937140943112,0.8402171999167654
13TANA,2012,150,135.8023240391549,1.1045466346861013
13TANA,2013,105,134.74359547737996,0.7792578165069586
13TANA,2014,129,133.69312086983942,0.9648963174821199
1TANA,1877,372,409.74939984772516,0.9078719825782443
1TANA,1878,150,402.6064001544522,0.37257231862795864
1TANA,1879,400,395.6286947078202,1.0110490097170735
1TANA,1880,369,388.81245847784936,0.9490436634787563
1TANA,1881,328,382.1539549485562,0.8582928313384951
1TANA,1882,418,375.6495340696749,1.1127393011020479
1TANA,1883,502,369.29563025577727,1.3593445436987992
1TANA,1884,463,363.0887604316943,1.2751702901778514
1TANA,1885,504,357.02552212316874,1.411663785274508
1TANA,1886,415,351.1025915916904,1.1819907056756167
1TANA,1887,266,345.3167220124937,0.7703073238091726
1TANA,1888,120,339.66474169471707,0.35328953897679866
1TANA,1889,262,334.14355234274944,0.7840941360773354
1TANA,1890,390,328.7501273578103,1.1863113274950174
1TANA,1891,321,323.4815101788325,0.9923287418268184
1TANA,1892,360,318.33481266173834,1.1308847970156974
1TANA,1893,380,313.3072134962202,1.2128670634791638
1TANA,1894,574,308.39595665915823,1.8612435980617916
1TANA,1895,284,303.5983499038269,0.9354464544684278
1TANA,1896,123,298.9117632840626,0.4114926714446842
1TANA,1897,422,294.33362771258277,1.4337471504006454
1TANA,1898,391,289.86143355266717,1.3489203969211592
1TANA,1899,120,285.49272924242797,0.42032594076363056
1TANA,1900,444,281.22511995091577,1.5788063316587597
1TANA,1901,243,277.0562662653239,0.8770781591609633
1TANA,1902,244,272.98388290857235,0.8938256625271916
1TANA,1903,299,269.00573748656717,1.111500456435174
1TANA,1904,90,265.1196492644492,0.3394693688291191
1TANA,1905,279,261.3234879711621,1.0676422627222417
1TANA,1906,262,257.61517263168236,1.0170208428468097
1TANA,1907,70,253.99267042627338,0.2755985040139926
1TANA,1908,299,250.45399557613678,1.193832022173132
1TANA,1909,331,246.99720825485048,1.3400961182463078
1TANA,1910,337,243.62041352499716,1.383299515520367
1TANA,1911,201,240.32176029939984,0.8363786939209681
1TANA,1912,252,237.09944032639504,1.0628451912543218
1TANA,1913,100,233.9516871985877,0.4274386784614891
1TANA,1914,250,230.8767753845442,1.0828287062811082
1TANA,1915,233,227.87301928289259,1.022499288126527
1TANA,1916,348,224.93877229831168,1.5470876649868333
1TANA,1917,302,222.07242593890248,1.3599166971008256
1TANA,1918,261,219.27240893444718,1.1903002355304426
1TANA,1919,326,216.53718637507205,1.5055150824548138
1TANA,1920,308,213.86525886984248,1.4401591059137264
1TANA,1921,60,211.2551617248286,0.2840167289173898
1TANA,1922,263,208.7054641401915,1.2601490865775216
1TANA,1923,336,206.21476842584872,1.6293692375423627
1TANA,1924,293,203.78170923529046,1.4378130456335327
1TANA,1925,215,201.40495281712558,1.0675010569140206
1TANA,1926,245,199.0831962839473,1.2306412825046407
1TANA,1927,140,196.8151668981182,0.7113272935539124
1TANA,1928,149,194.59962137408223,0.7656746654895834
1TANA,1929,255,192.43534519682214,1.3251203916784984
1TANA,1930,152,190.321151956088,0.7986500630001984
1TANA,1931,181,188.25588269603242,0.9614573388511416
1TANA,1932,148,186.23840527989546,0.7946803441404718
1TANA,1933,123,184.2676137693913,0.6675074229480881
1TANA,1934,50,182.34242781845649,0.2742093576256478
1TANA,1935,129,180.46179208102697,0.7148327549694246
1TANA,1936,133,178.62467563251988,0.7445779791008136
1TANA,1937,242,176.8300714047026,1.3685455085642422
1TANA,1938,234,175.07699563363934,1.3365548063759394
1TANA,1939,181,173.36448732041245,1.0440431186202257
1TANA,1940,157,171.69160770432353,0.9144302514213479
1TANA,1941,250,170.0574397482845,1.470091519489208
1TANA,1942,133,168.46108763611744,0.7894998297012377
1TANA,1943,122,166.90167628148714,0.7309692911306747
1TANA,1944,101,165.37835084819739,0.6107208076630841
1TANA,1945,119,163.8902762815879,0.7260955481918908
1TANA,1946,137,162.43663685077502,0.843405789827188
1TANA,1947,37,161.01663570148557,0.2297899210153391
1TANA,1948,114,159.62949441923797,0.7141537371571173
1TANA,1949,87,158.27445260263218,0.5496780975665377
1TANA,1950,119,156.9507674465137,0.7581995420350734
1TANA,1951,86,155.65771333478355,0.5524943040569663
1TANA,1952,68,154.39458144263097,0.44042996434604176
1TANA,1953,58,153.16067934797059,0.37868727304498284
1TANA,1954,363,151.95533065187158,2.3888599264189687
1TANA,1955,236,150.77787460776986,1.565216386117161
1TANA,1956,338,149.62766575926105,2.25894053940409
1TANA,1957,120,148.50407358627487,0.8080586417737884
1TANA,1958,188,147.40648215943745,1.2753848897679811
1TANA,1959,218,146.3342898024319,1.4897396932347506
1TANA,1960,177,145.28690876217223,1.2182790693808525
1TANA,1961,208,144.26376488660947,1.4418034921207474
1TANA,1962,137,143.26429730999374,0.9562745399404073
1TANA,1963,65,142.28795814541957,0.4568201051389705
1TANA,1964,170,141.33421218448592,1.2028227091830825
1TANA,1965,79,140.4025366039063,0.562667896968765
1TANA,1966,50,139.49242067890822,0.3584424139795589
1TANA,1967,100,138.60336550326448,0.7214832023515672
1TANA,1968,57,137.7348837158037,0.4138385168829951
1TANA,1969,82,136.886499233249,0.5990364313450325
1TANA,1970,53,136.05774698923938,0.38954047948619713
1TANA,1971,94,135.24817267939017,0.6950186323243702
1TANA,1972,100,134.45733251225312,0.7437303576648524
1TANA,1973,69,133.68479296603914,0.5161394835501487
1TANA,1974,68,132.93013055097106,0.5115469285868632
1TANA,1975,160,132.19293157713543,1.2103521579490728
1TANA,1976,155,131.4727919277065,1.1789511558043926
1TANA,1977,125,130.76931683741805,0.9558817238099447
1TANA,1978,95,130.08212067616125,0.7303078970898852
1TANA,1979,92,129.41082673759055,0.7109142435705987
1TANA,1980,81,128.75506703262138,0.6291014549313064
1TANA,1981,134,128.11448208770608,1.0459395207816142
1TANA,1982,40,127.48872074777836,0.3137532462901982
1TANA,1983,52,126.87743998375737,0.40984433486880684
1TANA,1984,67,126.28030470450662,0.5305657137649348
1TANA,1985,50,125.69698757314401,0.39778200707399314
1TANA,1986,52,125.1271688276027,0.4155772122651028
1TANA,1987,127,124.57053610534443,1.0195027168591542
1TANA,1988,119,124.02678427212889,0.9594701716921117
1TANA,1989,213,123.49561525474572,1.72475759208637
1TANA,1990,59,122.97673787761698,0.4797655314187562
1TANA,1991,30,122.46986770318102,0.2449582134987542
1TANA,1992,50,121.97472687596974,0.4099209834742455
1TANA,1993,99,121.49104397029416,0.8148748810176208
1TANA,1994,60,121.01855384145463,0.49579174511212126
1TANA,1995,255,120.55699748039412,2.115182074283743
1TANA,1996,280,120.10612187171495,2.3312716757191385
1TANA,1997,100,119.66567985498112,0.8356614872466918
1TANA,1998,307,119.23542998923025,2.574738062568561
1TANA,1999,300,118.81513642062072,2.524930821422969
1TANA,2000,360,118.4045687531416,3.0404232183857194
1TANA,2001,300,118.00350192231448,2.542297432812627
1TANA,2002,50,117.6117160718179,0.42512771405757077
1TANA,2003,260,117.22899643296674,2.2178813084753464
1TANA,2004,102,116.85513320698064,0.8728756469716366
1TANA,2005,120,116.48992144997672,1.0301320363713231
1TANA,2006,100,116.13316096062374,0.8610804973603201
1TANA,2007,90,115.78465617039593,0.7773050676727871
1TANA,2008,100,115.44421603636653,0.8662192306672049
1TANA,2009,70,115.11165393648203,0.6081052404878624
1TANA,2010,120,114.78678756726003,1.0454164851480423
1TANA,2011,50,114.46943884385426,0.4367978082622045
1TANA,2012,194,114.15943380243232,1.6993777346140497
1TANA,2013,80,113.85660250481229,0.7026382154396246
1TANA,2014,160,113.56077894530634,1.408937147895577
2TANA,1890,248,316.9958856961469,0.7823445388112003
2TANA,1891,500,313.1836985322467,1.5965071053930284
2TANA,1892,248,309.4284865343701,0.8014775975464468
2TANA,1893,298,305.72939817833856,0.9747181716106024
2TANA,1894,530,302.0855946664555,1.754469625025297
2TANA,1895,298,298.4962497373024,0.9983375009309526
2TANA,1896,213,294.9605494783771,0.7221304692328508
2TANA,1897,306,291.4776921415334,1.0498230507857012
2TANA,1898,418,288.0468879611775,1.4511526333738325
2TANA,1899,200,284.6673589751828,0.7025744037532449
2TANA,1900,280,281.3383388484808,0.9952429560295314
2TANA,1901,265,278.0590726992884,0.9530348980433689
2TANA,1902,228,274.82881692793234,0.8296073262935446
2TANA,1903,274,271.6468390482325,1.008662574392591
2TANA,1904,80,268.51241752140436,0.2979378039141256
2TANA,1905,150,265.42484159244464,0.5651317303235787
2TANA,1906,120,262.38341112896177,0.45734598648471664
2TANA,1907,60,259.3874364624154,0.23131421019573495
2TANA,1908,361,256.4362382317287,1.4077573532091132
2TANA,1909,397,253.5291472292374,1.5658949053342508
2TANA,1910,283,250.66550424894223,1.128994597194138
2TANA,1911,157,247.8446599370282,0.6334612980561704
2TANA,1912,264,245.06597464461882,1.0772609309914942
2TANA,1913,67,242.3288182827304,0.27648383083282163
2TANA,1914,302,239.63257017939443,1.2602627421385828
2TANA,1915,243,236.97661893891538,1.0254176175187868
2TANA,1916,300,234.3603623032317,1.280079946334266
2TANA,1917,298,231.78320701534912,1.2856841694328005
2TANA,1918,238,229.24456868481485,1.0381925354455088
2TANA,1919,259,226.74387165520253,1.14225799404999
2TANA,1920,239,224.2805488735773,1.0656296375247405
2TANA,1921,90,221.85404176191238,0.40567212246953566
2TANA,1922,266,219.4638000904267,1.2120449927978953
2TANA,1923,367,217.10928185281628,1.6903929526550519
2TANA,1924,231,214.78995314334963,1.0754692974202191
2TANA,1925,148,212.50528803580073,0.6964532570834965
2TANA,1926,285,210.25476846419076,1.3554983893197141
2TANA,1927,85,208.0378841053128,0.4085794294897335
2TANA,1928,251,205.8541322630118,1.219309990237685
2TANA,1929,312,203.7030177541942,1.5316415212684102
2TANA,1930,180,201.58405279654144,0.8929277762942578
2TANA,1931,233,199.4967568979013,1.1679387856878547
2TANA,1932,238,197.44065674733238,1.2054254879458388
2TANA,1933,254,195.41528610777732,1.2997959630441165
2TANA,1934,80,193.42018571033964,0.4136072959820525
2TANA,1935,163,191.45490315014098,0.8513754274142233
2TANA,1936,230,189.51899278373463,1.213598682758194
2TANA,1937,161,187.6120156280524,0.8581539911558134
2TANA,1938,238,185.73353926086168,1.2814056144471053
2TANA,1939,323,183.88313772271022,1.7565504047852039
2TANA,1940,279,182.0603914203365,1.5324585310588055
2TANA,1941,332,180.2648870315236,1.8417341583663038
2TANA,1942,139,178.49621741137517,0.778727986597333
2TANA,1943,194,176.75398149999194,1.097570749771251
2TANA,1944,92,175.03778423152826,0.5256008033003238
2TANA,1945,123,173.3472364446079,0.7095584707478388
2TANA,1946,185,171.6819547940784,1.0775739373534963
2TANA,1947,100,170.04156166408472,0.5880915172818098
2TANA,1948,181,168.42568508244167,1.0746579413431117
2TANA,1949,146,166.83395863628638,0.8751215951081857
2TANA,1950,194,165.26602138899116,1.173865010904915
2TANA,1951,84,163.7215177983184,0.5130663405128949
2TANA,1952,124,162.20009763579836,0.7644878258854549
2TANA,1953,191,160.70141590731225,1.1885396212698154
2TANA,1954,200,159.22513277486192,1.256083110213462
2TANA,1955,115,157.77091347950906,0.7289049512598275
2TANA,1956,199,156.33842826546578,1.2728796253605288
2TANA,1957,80,154.92735230531994,0.5163710526875953
2TANA,1958,249,153.53736562637798,1.6217550625814656
2TANA,1959,158,152.16815303810847,1.0383250164075464
2TANA,1960,163,150.81940406067034,1.080762790538741
2TANA,1961,165,149.4908128545089,1.103746757739456
2TANA,1962,106,148.18207815100433,0.7153361683319163
2TANA,1963,65,146.89290318415678,0.442499253476601
2TANA,1964,176,145.6229956232921,1.2086003261139422
2TANA,1965,90,144.37206750677376,0.623389285436238
2TANA,1966,60,143.13983517670502,0.41917052598202637
2TANA,1967,107,141.92601921460746,0.7539139094587332
2TANA,1968,173,140.7303443780605,1.22930133344412
2TANA,1969,190,139.55253953828802,1.3614943922096887
2TANA,1970,150,138.3923376186777,1.083875036588411
2TANA,1971,114,137.2494755342194,0.8306042668379976
2TANA,1972,169,136.12369413184854,1.2415178788514782
2TANA,1973,119,135.0147381316808,0.8813852594665517
2TANA,1974,100,133.9223560691258,0.7467013195943452
2TANA,1975,230,132.84630023786517,1.7313240909846817
2TANA,1976,98,131.78632663368336,0.7436279810150813
2TANA,1977,92,130.74219489913767,0.7036748929523042
2TANA,1978,144,129.71366826905526,1.1101374428893005
2TANA,1979,150,128.70051351684486,1.1654965151352514
2TANA,1980,61,127.70250090161068,0.4776727125101324
2TANA,1981,246,126.71940411605695,1.9412970074788152
2TANA,1982,40,125.7510002351708,0.31808892116320964
2TANA,1983,112,124.79706966567241,0.8974569699436423
2TANA,1984,82,123.85739609622027,0.6620517028817335
2TANA,1985,42,122.93176644836113,0.3416529446653853
2TANA,1986,71,122.01997082821254,0.5818719634014526
2TANA,1987,109,121.12180247886783,0.8999205573993772
2TANA,1988,120,120.23705773351237,0.9980284137188572
2TANA,1989,150,119.36553596924045,1.2566441291618193
2TANA,1990,100,118.50703956156248,0.8438317282244793
2TANA,1991,34,117.661373839592,0.2889648394412959
2TANA,1992,136,116.82834704190257,1.164101037492392
2TANA,1993,154,116.00777027304434,1.3274972843416815
2TANA,1994,190,115.1994574607105,1.6493133230666532
2TANA,1995,139,114.40322531354386,1.21500071015519
2TANA,1996,200,113.61889327957411,1.7602706224912252
2TANA,1997,142,112.84628350527623,1.2583489290842322
2TANA,1998,89,112.08522079524084,0.7940386731501978
2TANA,1999,80,111.33553257244714,0.7185486802961418
2TANA,2000,250,110.59704883912973,2.2604581462534368
2TANA,2001,107,109.86960213823033,0.973881746339447
2TANA,2002,49,109.15302751542552,0.4489110482352431
2TANA,2003,120,108.44716248172202,1.1065296431358924
2TANA,2004,67,107.75184697661103,0.6217990863260399
2TANA,2005,136,107.06692333177322,1.2702335676404048
2TANA,2006,89,106.39223623532624,0.83652720489062
2TANA,2007,100,105.72763269660646,0.9458265303920845
2TANA,2008,120,105.07296201147716,1.1420635499634277
2TANA,2009,42,104.42807572815508,0.4021906916041764
2TANA,2010,100,103.79282761354798,0.9634577099328113
2TANA,2011,50,103.1670736200949,0.48465075382598616
2TANA,2012,177,102.55067185310243,1.7259760155793196
2TANA,2013,90,101.94348253856879,0.8828421176012881
2TANA,2014,130,101.3453679914891,1.282742394412316
3TANA,1909,317,301.3604725335234,1.0518964127411794
3TANA,1910,296,298.39557835581854,0.9919718034395203
3TANA,1911,337,295.46260750404576,1.1405842615647581
3TANA,1912,420,292.5612162564136,1.4355969850490824
3TANA,1913,50,289.691064592019,0.1725976604436059
3TANA,1914,385,286.85181615099947,1.3421563968670678
3TANA,1915,116,284.0431381951145,0.4083886720062832
3TANA,1916,408,281.26470156875104,1.4505908410276303
3TANA,1917,205,278.51618066034877,0.7360434123215198
3TANA,1918,151,275.79725336424144,0.5475036395687977
3TANA,1919,100,273.10760104290785,0.36615604845172006
3TANA,1920,263,270.4469084896308,0.9724644347712471
3TANA,1921,50,267.81486389155634,0.1866961350593521
3TANA,1922,271,265.21115879315244,1.0218272912542208
3TANA,1923,341,262.63548806005997,1.298377468021456
3TANA,1924,359,260.0875498433335,1.3803044406248877
3TANA,1925,232,257.5670455440665,0.9007363481222511
3TANA,1926,297,255.07367977839849,1.1643694490863425
3TANA,1927,197,252.60716034289769,0.7798670462570633
3TANA,1928,328,250.1671981803173,1.311123130393705
3TANA,1929,502,247.7535073457202,2.0262074405247437
3TANA,1930,305,245.3658049729683,1.243041996147758
3TANA,1931,371,243.0038112415728,1.5267250258523095
3TANA,1932,270,240.66724934390146,1.1218809403276284
3TANA,1933,310,238.35584545273872,1.3005764528710368
3TANA,1934,100,236.06932868919534,0.42360437315284705
3TANA,1935,261,233.80743109096343,1.116303270525466
3TANA,1936,217,231.5698875809133,0.9370821148936197
3TANA,1937,277,229.3564359360285,1.2077271730768442
3TANA,1938,322,227.16681675667522,1.4174605455025735
3TANA,1939,193,225.00077343620265,0.8577748291817484
3TANA,1940,302,222.85805213087065,1.355122676126839
3TANA,1941,314,220.73840173010117,1.4224982945374889
3TANA,1942,218,218.64157382705014,0.9970656366224402
3TANA,1943,339,216.56732268949582,1.5653331065372336
3TANA,1944,221,214.5154052310412,1.0302290400168448
3TANA,1945,227,212.4855809826258,1.0683077832870034
3TANA,1946,280,210.47761206434475,1.3303077569808313
3TANA,1947,189,208.491263157571,0.9065128060409892
3TANA,1948,195,206.5263014773778,0.9441896678780143
3TANA,1949,140,204.58249674525808,0.68432051728416
3TANA,1950,140,202.6596211621375,0.6908134891261501
3TANA,1951,122,200.75744938167827,0.607698495750734
3TANA,1952,123,198.87575848387016,0.6184765852695714
3TANA,1953,225,197.01432794890604,1.1420489176723827
3TANA,1954,173,195.17293963133858,0.8863933715748661
3TANA,1955,292,193.35137773451535,1.5102038755624279
3TANA,1956,238,191.54942878528917,1.2424991372163163
3TANA,1957,138,189.76688160900034,0.7272080292932152
3TANA,1958,70,188.003527304729,0.37233343971541133
3TANA,1959,246,186.25915922081336,1.3207404190435696
3TANA,1960,96,184.53357293063158,0.5202305384077052
3TANA,1961,339,182.8265662086448,1.8542163047197824
3TANA,1962,178,181.1379390066976,0.9826765225225315
3TANA,1963,132,179.467493430574,0.7355092416837229
3TANA,1964,176,177.8150337168058,0.9897925744586001
3TANA,1965,123,176.18036620973055,0.6981481685284784
3TANA,1966,116,174.56329933879653,0.6645153960734008
3TANA,1967,200,172.96364359611226,1.156312366239349
3TANA,1968,175,171.38121151423752,1.021115432980014
3TANA,1969,125,169.81581764421367,0.7360916181665205
3TANA,1970,64,168.2672785338304,0.3803472698771479
3TANA,1971,117,166.73541270612654,0.7017105610684763
3TANA,1972,128,165.22004063812238,0.7747244190573432
3TANA,1973,75,163.72098473978093,0.4580964383961251
3TANA,1974,97,162.23806933319574,0.5978867993108736
3TANA,1975,360,160.7711206320026,2.2392081275841993
3TANA,1976,237,159.31996672101351,1.4875724924987752
3TANA,1977,207,157.88443753606913,1.3110855207164436
3TANA,1978,100,156.46436484410881,0.639123164559762
3TANA,1979,122,155.0595822234548,0.7867943293190809
3TANA,1980,177,153.669925044309,1.1518193943867938
3TANA,1981,113,152.29523044945964,0.7419799009234235
3TANA,1982,72,150.93533733519547,0.4770254684633806
3TANA,1983,100,149.5900863324259,0.6684934974753304
3TANA,1984,73,148.25931978800392,0.4923805134434904
3TANA,1985,100,146.94288174625046,0.6805365378139638
3TANA,1986,125,145.64061793067762,0.8582770505649585
3TANA,1987,141,144.3523757259086,0.9767764423061941
3TANA,1988,164,143.07800415979221,1.1462278982927503
3TANA,1989,124,141.81735388571042,0.8743640788836795
3TANA,1990,69,140.57027716507565,0.49085767910218564
3TANA,1991,58,139.33662785001735,0.41625810022065046
3TANA,1992,81,138.11626136625424,0.5864624425736926
3TANA,1993,176,136.9090346961515,1.2855250962115456
3TANA,1994,115,135.71480636196026,0.8473651702621708
3TANA,1995,147,134.53343640923717,1.0926651687751496
3TANA,1996,250,133.36478639044324,1.8745577956994703
3TANA,1997,147,132.2087193487185,1.1118782537501744
3TANA,1998,145,131.06509980183176,1.106320448534641
3TANA,1999,207,129.9337937263034,1.5931190344217245
3TANA,2000,152,128.81466854169847,1.179989839051569
3TANA,2001,173,127.70759309508946,1.3546571179302267
3TANA,2002,120,126.6124376456862,0.9477741857858347
3TANA,2003,108,125.52907384963119,0.8603584547223784
3TANA,2004,179,124.4573747449586,1.4382434176103394
3TANA,2005,91,123.39721473671548,0.7374558671697794
3TANA,2006,74,122.34846958224284,0.6048297968309042
3TANA,2007,150,121.31101637661537,1.2364911652732216
3TANA,2008,170,120.28473353823799,1.4133131861322845
3TANA,2009,98,119.26950079459733,0.82166856863745
3TANA,2010,172,118.26519916816686,1.4543585197486972
3TANA,2011,154,117.27171096246344,1.3131896749531744
3TANA,2012,147,116.28891974825437,1.2640929188974313
3TANA,2013,68,115.31671034991255,0.5896803663030573
3TANA,2014,162,114.35496883191901,1.4166415474093699
4TANA,1869,400,515.4945781208773,0.775953845059074
4TANA,1870,499,489.8268925620704,1.0187272433939858
4TANA,1871,500,465.83107751432175,1.0733504571399657
4TANA,1872,510,443.3982353133155,1.1502075547044568
4TANA,1873,485,422.42656136875996,1.1481285609230811
4TANA,1874,494,402.82088215540455,1.2263515172220376
4TANA,1875,367,384.4922232971169,0.9545056512531861
4TANA,1876,200,367.3574057839015,0.5444289317462413
4TANA,1877,400,351.3386684894139,1.1385026354195689
4TANA,1878,70,336.3633152758823,0.20810830676522082
4TANA,1879,574,322.3633850849299,1.780599244696397
4TANA,1880,315,309.2753435171065,1.01850990259292
4TANA,1881,328,297.0397945004566,1.1042291506820168
4TANA,1882,314,285.6012107396214,1.0994351150922443
4TANA,1883,223,274.90768172219873,0.8111814068016739
4TANA,1884,217,264.91067813876634,0.8191440281857207
4TANA,1885,292,255.56483164746027,1.14256722303169
4TANA,1886,295,246.82772898363692,1.1951655562149446
4TANA,1887,161,238.6597194802494,0.6746006420799626
4TANA,1888,117,231.02373512542738,0.5064414699055851
4TANA,1889,294,223.88512234064743,1.313173456665293
4TANA,1890,232,217.2114847160701,1.0680834869448126
4TANA,1891,208,210.97253598934668,0.985910317779482
4TANA,1892,310,205.1399626006847,1.5111633836232614
4TANA,1893,377,199.6872952004199,1.8879518580369217
4TANA,1894,337,194.5897885259722,1.7318483284903723
4TANA,1895,155,189.82430910304302,0.8165445233669244
4TANA,1896,214,185.36923026142048,1.1544526548349068
4TANA,1897,149,181.20433398895415,0.8222761383239473
4TANA,1898,134,177.31071917829317,0.7557354717243999
4TANA,1899,100,173.6707158499939,0.5758023136518529
4TANA,1900,186,170.26780496272502,1.0923967689647438
4TANA,1901,124,167.0865434466528,0.7421303801140071
4TANA,1902,101,164.11249411979415,0.6154315095977696
4TANA,1903,133,161.33216016928355,0.8243861599599546
4TANA,1904,145,158.7329239002177,0.9134840865852728
4TANA,1905,123,156.30298947410796,0.7869331252962075
4TANA,1906,165,154.03132937707676,1.071210646998127
4TANA,1907,121,151.9076343748599,0.7965366618863299
4TANA,1908,72,149.9222667275015,0.48024887544468026
4TANA,1909,129,148.06621645142,0.8712318251363197
4TANA,1910,113,146.33106043035468,0.7722215616265667
4TANA,1911,149,144.70892418962987,1.0296531525916606
4TANA,1912,98,143.19244616026086,0.6843936438540793
4TANA,1913,51,141.77474427072573,0.3597255651021527
4TANA,1914,203,140.44938471478963,1.445360550437667
4TANA,1915,138,139.21035275364355,0.9913055837464512
4TANA,1916,264,138.05202541985287,1.9123225407023612
4TANA,1917,234,136.96914599924003,1.7084139518640085
4TANA,1918,116,135.9568001748958,0.8532121957178809
4TANA,1919,69,135.01039372505562,0.5110717634119067
4TANA,1920,50,134.12563167362984,0.37278482401981033
4TANA,1921,67,133.29849879876903,0.5026313169598781
4TANA,1922,111,132.52524141100807,0.8375762897556202
4TANA,1923,147,131.80235031829517,1.1153063632401348
4TANA,1924,115,131.12654490059742,0.8770154058980018
4TANA,1925,101,130.49475822181066,0.7739774484146218
4TANA,1926,120,129.9041231114083,0.9237582081754685
4TANA,1927,59,129.3519591526653,0.4561198793314473
4TANA,1928,68,128.83576051840691,0.5278037691273205
4TANA,1929,158,128.35318459907887,1.2309784170414255
4TANA,1930,124,127.90204137153064,0.9694919539227996
4TANA,1931,132,127.48028346026555,1.0354542398012725
4TANA,1932,144,127.08599684605349,1.1330910058834838
4TANA,1933,148,126.7173921797403,1.1679533286959671
4TANA,1934,100,126.37279666183417,0.7913095432048864
4TANA,1935,140,126.05064645101702,1.1106646728258047
4TANA,1936,91,125.74947956712906,0.7236610466560326
4TANA,1937,88,125.46792925641931,0.7013744509973864
4TANA,1938,112,125.20471778895183,0.8945349822104146
4TANA,1939,92,124.95865066001939,0.7362435454773638
4TANA,1940,83,124.72861116924936,0.6654447541901505
4TANA,1941,177,124.51355535280072,1.421531972952523
4TANA,1942,120,124.31250724565368,0.9653091443395012
4TANA,1943,243,124.12455445249093,1.957710954708877
4TANA,1944,209,123.94884400707083,1.686179501505293
4TANA,1945,108,123.78457850130101,0.8724834814448627
4TANA,1946,181,123.63101246644577,1.46403395385219
4TANA,1947,131,123.48744899004427,1.0608365552240164
4TANA,1948,135,123.35323655318666,1.0944179802026643
4TANA,1949,172,123.22776607379481,1.395789321515396
4TANA,1950,220,123.11046814248967,1.7870129430859536
4TANA,1951,105,123.00081043850099,0.8536529119253146
4TANA,1952,71,122.8982953138925,0.5777134647690603
4TANA,1953,119,122.80245753513887,0.9690359817591531
4TANA,1954,215,122.71286217180585,1.752057577297694
4TANA,1955,206,122.62910262275149,1.6798622479830545
4TANA,1956,184,122.55079877089128,1.5014182024548695
4TANA,1957,131,122.47759525815309,1.0695833774649457
4TANA,1958,64,122.40915987279328,0.5228366902158984
4TANA,1959,172,122.34518204175538,1.4058583846914205
4TANA,1960,102,122.28537142122927,0.8341144882215433
4TANA,1961,160,122.22945657901462,1.3090134283348367
4TANA,1962,152,122.17718376270898,1.2440948082025898
4TANA,1963,126,122.12831574813003,1.0317017738937355
4TANA,1964,78,122.08263076274638,0.6389115266657718
4TANA,1965,24,122.03992147923056,0.19665696035443989
4TANA,1966,64,121.99999407456764,0.5245901894133089
4TANA,1967,106,121.96266735044858,0.8691184138783935
4TANA,1968,72,121.92777191095729,0.5905135382329543
4TANA,1969,122,121.89514939381897,1.0008601704555304
4TANA,1970,60,121.86465175172148,0.4923494970653164
4TANA,1971,56,121.8361405804479,0.4596337321028601
4TANA,1972,60,121.80948649077129,0.49257247303596347
4TANA,1973,109,121.7845685212613,0.8950230831664904
4TANA,1974,177,121.76127358933779,1.4536641641657342
4TANA,1975,180,121.73949597808,1.4785669889122113
4TANA,1976,106,121.7191368564628,0.8708573091920658
4TANA,1977,80,121.70010383084225,0.6573535887134201
4TANA,1978,60,121.68231052565534,0.4930872839347481
4TANA,1979,36,121.66567619143089,0.2958928197904968
4TANA,1980,110,121.65012533833283,0.9042325249897479
4TANA,1981,80,121.63558739357264,0.6577022540380916
4TANA,1982,80,121.62199638113636,0.6577757509365144
4TANA,1983,78,121.60929062237267,0.641398363569191
4TANA,1984,69,121.59741245608315,0.567446285297563
4TANA,1985,156,121.58630797684458,1.2830392056127677
4TANA,1986,221,121.57592679037572,1.817794080081773
4TANA,1987,267,121.5662217848382,2.196333784828545
4TANA,1988,227,121.55714891703398,1.8674343880419044
4TANA,1989,199,121.54866701252865,1.6372042975961887
4TANA,1990,75,121.54073757879392,0.6170770516459807
4TANA,1991,34,121.53332463052104,0.27975865963812757
4TANA,1992,107,121.52639452631249,0.8804671644959624
4TANA,1993,219,121.51991581601082,1.8021737303668022
4TANA,1994,208,121.51385909797169,1.711738904056187
4TANA,1995,136,121.50819688563351,1.1192660535322283
4TANA,1996,218,121.50290348277814,1.7941958072705595
4TANA,1997,169,121.49795486691639,1.39096991537936
4TANA,1998,140,121.49332858026935,1.1523266473640443
4TANA,1999,277,121.48900362785065,2.2800417463996663
4TANA,2000,209,121.48496038218708,1.7203775623130133
4TANA,2001,30,121.48118049424535,0.24695183136964266
4TANA,2002,49,121.47764681016064,0.40336639115651307
4TANA,2003,55,121.47434329338894,0.45277050699637983
4TANA,2004,170,121.47125495193022,1.399508057007183
4TANA,2005,56,121.46836777029172,0.4610253766305755
4TANA,2006,89,121.46566864588304,0.7327173265679509
4TANA,2007,112,121.4631453295539,0.9220903978414318
4TANA,2008,130,121.46078637000522,1.0703042840837687
4TANA,2009,60,121.45858106182094,0.4939955619064966
4TANA,2010,80,121.45651939688459,0.6586719296523167
4TANA,2011,162,121.45459201896071,1.3338318239520297
4TANA,2012,149,121.45279018123435,1.2268141372269763
4TANA,2013,88,121.45110570661629,0.7245714189920794
4TANA,2014,121,121.44953095063391,0.9962986192938313
5TANA,1893,433,285.88856120944115,1.5145761627125243
5TANA,1894,408,281.90351611708866,1.4473036931917413
5TANA,1895,372,277.9795681332083,1.3382278506949004
5TANA,1896,296,274.1157805415078,1.0798356789793735
5TANA,1897,379,270.3112309870521,1.4020875071156553
5TANA,1898,379,266.56501125608133,1.4217919981850342
5TANA,1899,90,262.8762270592034,0.34236644753628004
5TANA,1900,246,259.2439978179117,0.9489130011518568
5TANA,1901,61,255.6674564543749,0.23859117951871886
5TANA,1902,32,252.14574918445035,0.12691072565570508
5TANA,1903,104,248.67803531387042,0.4182114430361161
5TANA,1904,40,245.26348703755383,0.16308990988893243
5TANA,1905,82,241.90128924199382,0.33898124419654757
5TANA,1906,105,238.59063931067612,0.44008432310404394
5TANA,1907,87,235.33074693248003,0.3696924483266168
5TANA,1908,151,232.12083391301695,0.6505232531457494
5TANA,1909,190,228.9601339888618,0.829838787608514
5TANA,1910,160,225.847892644632,0.708441412166539
5TANA,1911,330,222.78336693287142,1.4812595955578445
5TANA,1912,350,219.7658252966954,1.5926043074599139
5TANA,1913,50,216.79454739515526,0.23063310678595672
5TANA,1914,359,213.86882393128002,1.6785990281377023
5TANA,1915,300,210.98795648275444,1.4218821064534133
5TANA,1916,432,208.1512573351934,2.0754138386218584
5TANA,1917,208,205.35804931797216,1.0128650943598374
5TANA,1918,164,202.60766564257352,0.8094461750984165
5TANA,1919,323,199.8994497434136,1.615812351732811
5TANA,1920,200,197.23275512110817,1.0140303514859519
5TANA,1921,281,194.6069451881413,1.4439361335657162
5TANA,1922,331,192.0213931169009,1.7237662670142706
5TANA,1923,262,189.47548169004367,1.382764659907801
5TANA,1924,225,186.9686031531544,1.2034106058742515
5TANA,1925,165,184.50015906966408,0.8943081720471517
5TANA,1926,326,182.06956017799249,1.790524454946231
5TANA,1927,199,179.67622625088094,1.107547749373016
5TANA,1928,333,177.3195859568817,1.8779651339868044
5TANA,1929,168,174.99907672397097,0.9600050648552235
5TANA,1930,157,172.71414460525293,0.909016458141466
5TANA,1931,165,170.46424414672282,0.9679449249074216
5TANA,1932,224,168.2488382570572,1.3313613473976205
5TANA,1933,303,166.0673980794008,1.824560410437264
5TANA,1934,111,163.919402865119,0.6771620568392157
5TANA,1935,259,161.80433984948567,1.6006987219312416
5TANA,1936,120,159.72170412927733,0.7513067848491841
5TANA,1937,65,157.67099854224355,0.4122508298987214
5TANA,1938,231,155.65173354842563,1.484082410994365
5TANA,1939,210,153.6634271132945,1.366623170815845
5TANA,1940,252,151.70560459268071,1.661111998311486
5TANA,1941,218,149.7777986194683,1.455489411710876
5TANA,1942,206,147.87954899202586,1.3930256171602753
5TANA,1943,179,146.01040256434837,1.2259400484914953
5TANA,1944,167,144.16991313788301,1.1583554180287428
5TANA,1945,79,142.35764135501384,0.5549403547856521
5TANA,1946,117,140.57315459417902,0.8323068535935442
5TANA,1947,51,138.81602686659653,0.36739273663992317
5TANA,1948,154,137.08583871457307,1.1233837239792797
5TANA,1949,90,135.38217711137193,0.6647847000271065
5TANA,1950,85,133.70463536261613,0.6357296422033102
5TANA,1951,129,132.05281300920345,0.9768818782452542
5TANA,1952,35,130.42631573170945,0.26835075271156145
5TANA,1953,113,128.82475525625648,0.8771606029852097
5TANA,1954,141,127.24774926182589,1.1080746089259101
5TANA,1955,207,125.69492128899104,1.6468445811273207
5TANA,1956,201,124.1659006500498,1.6188019331209142
5TANA,1957,131,122.66032234053488,1.0679900191058698
5TANA,1958,86,121.17782695208054,0.709700793974532
5TANA,1959,93,119.71806058662564,0.7768251468850602
5TANA,1960,88,118.28067477193167,0.7439930501722386
5TANA,1961,152,116.86532637839646,1.3006424121714384
5TANA,1962,135,115.47167753714275,1.1691178553855837
5TANA,1963,37,114.09939555936306,0.32427866789837484
5TANA,1964,84,112.7481528569009,0.7450232919257858
5TANA,1965,45,111.4176268640496,0.40388582369384374
5TANA,1966,116,110.10749996055019,1.0535158825834843
5TANA,1967,93,108.81745939576975,0.8546422652798614
5TANA,1968,29,107.54719721404227,0.2696490541011841
5TANA,1969,43,106.29641018115413,0.40452918331595455
5TANA,1970,25,105.06479971195671,0.23794839059836823
5TANA,1971,38,103.8520717990888,0.3659050738392049
5TANA,1972,33,102.65793694279176,0.32145590475279007
5TANA,1973,49,101.48211008180085,0.4828437244801371
5TANA,1974,70,100.324310525296,0.6977371649352132
5TANA,1975,75,99.18426188589582,0.7561683534660163
5TANA,1976,49,98.06169201367914,0.4996854428451503
5TANA,1977,44,96.95633293121787,0.45381254292294854
5TANA,1978,20,95.86792076960607,0.2086203585041222
5TANA,1979,25,94.79619570546981,0.2637236633174034
5TANA,1980,40,93.74090189894252,0.42670807715421855
5TANA,1981,32,92.70178743259162,0.34519291252360046
5TANA,1982,20,91.67860425128121,0.21815340845702827
5TANA,1983,25,90.67110810295706,0.2757217874916946
5TANA,1984,20,89.6790584803391,0.2230175064157785
5TANA,1985,21,88.7022185635082,0.23674717882016236
5TANA,1986,71,87.74035516337294,0.8092057510799641
5TANA,1987,154,86.79323866600329,1.7743317609407452
5TANA,1988,114,85.86064297781759,1.327732894213852
5TANA,1989,110,84.94234547161007,1.2949960280619381
5TANA,1990,100,84.03812693340572,1.1899360879287915
5TANA,1991,20,83.14777151013004,0.24053561071764099
5TANA,1992,75,82.27106665808104,0.9116206103380229
5TANA,1993,124,81.40780309219123,1.5231955081698338
5TANA,1994,114,80.55777473606766,1.415133429063793
5TANA,1995,113,79.72077867279772,1.4174472688455788
5TANA,1996,203,78.8966150965093,2.572987443779214
5TANA,1997,180,78.08508726467352,2.305177676114781
5TANA,1998,117,77.28600145113887,1.5138575913254975
5TANA,1999,111,76.49916689988522,1.4509961937920992
5TANA,2000,70,75.72439577948705,0.9244048668786112
5TANA,2001,40,74.9615031382747,0.5336072293830024
5TANA,2002,69,74.2103068601831,0.9297899836204742
5TANA,2003,64,73.47062762127746,0.8710964105261745
5TANA,2004,94,72.7422888469454,1.2922331904867914
5TANA,2005,65,72.02511666974553,0.9024629602204246
5TANA,2006,80,71.31893988790206,1.1217216650407689
5TANA,2007,100,70.62358992443602,1.415957474081895
5TANA,2008,121,69.93890078692289,1.7300815231374709
5TANA,2009,72,69.26470902786716,1.0394903986535533
5TANA,2010,80,68.60085370568466,1.1661662454409185
5TANA,2011,143,67.94717634628282,2.1045760499482933
5TANA,2012,175,67.3035209052301,2.6001611453049684
5TANA,2013,70,66.66973373050543,1.049951695966813
5TANA,2014,90,66.04566352581875,1.3626935546618735
6TANA,1872,775,563.3374953960057,1.3757294807000255
6TANA,1873,601,527.321637677164,1.1397218643395461
6TANA,1874,438,494.19807690868805,0.8862843067698306
6TANA,1875,200,463.7345436909595,0.431281220519305
6TANA,1876,348,435.71742129900764,0.798682776930298
6TANA,1877,314,409.9502477569445,0.765946603808781
6TANA,1878,300,386.2523382051227,0.7766943273251652
6TANA,1879,336,364.4575178997614,0.9219181482007782
6TANA,1880,470,344.4129569605678,1.3646408780544537
6TANA,1881,303,325.9780986953583,0.9295102990436409
6TANA,1882,421,309.02367398686505,1.362355170296417
6TANA,1883,352,293.43079483040026,1.19960142630378
6TANA,1884,227,279.0901206660735,0.8133573465740894
6TANA,1885,319,265.90109165970654,1.199694209635845
6TANA,1886,243,253.7712235560506,0.9575553784029751
6TANA,1887,366,242.6154591596677,1.50856009451208
6TANA,1888,149,232.35557189592288,0.6412585624016812
6TANA,1889,225,222.91961726973128,1.0093324345149555
6TANA,1890,192,214.24142837557292,0.8961852124296759
6TANA,1891,297,206.2601519211853,1.439929124620676
6TANA,1892,226,198.91982151143327,1.1361361491419308
6TANA,1893,138,192.16896520013364,0.7181180366781932
6TANA,1894,290,185.96024455790385,1.5594731050684358
6TANA,1895,282,180.2501227251035,1.5644926934672525
6TANA,1896,200,174.9985591221849,1.1428665527489228
6TANA,1897,267,170.16872867669792,1.569030938153572
6TANA,1898,208,165.7267635981089,1.2550779094703415
6TANA,1899,155,161.64151588970526,0.9589120662897207
6TANA,1900,229,157.88433893226758,1.450428849046523
6TANA,1901,122,154.42888660792943,0.790007638336076
6TANA,1902,120,151.2509285556377,0.7933835590031301
6TANA,1903,132,148.32818026274663,0.8899185560436116
6TANA,1904,102,145.64014680131137,0.7003563388270464
6TANA,1905,77,143.16797911332745,0.5378297610742212
6TANA,1906,57,140.89434183715733,0.40455847450481286
6TANA,1907,81,138.80329174831564,0.5835596474676756
6TANA,1908,97,136.88016596221394,0.7086490531197709
6TANA,1909,103,135.11147911491895,0.7623334499387239
6TANA,1910,111,133.48482880093434,0.8315551737009311
6TANA,1911,115,131.98880860491545,0.8712859917103399
6TANA,1912,138,130.6129281174774,1.0565569732567242
6TANA,1913,50,129.34753937423022,0.3865554786886147
6TANA,1914,99,128.18376920221607,0.7723286701284523
6TANA,1915,127,127.11345699934762,0.9991074351840796
6TANA,1916,130,126.12909751054369,1.0306900038599953
6TANA,1917,123,125.22378819929644,0.98224148756978
6TANA,1918,86,124.39118084562853,0.6913673414414113
6TANA,1919,90,123.62543703103456,0.7280055153811643
6TANA,1920,104,122.92118719825831,0.8460705788031438
6TANA,1921,90,122.27349299882377,0.7360548700515636
6TANA,1922,87,121.67781266429337,0.7150029910550023
6TANA,1923,66,121.12996915842895,0.5448692875804908
6TANA,1924,98,120.62612088693211,0.8124276838170025
6TANA,1925,91,120.16273475937402,0.7573063328013263
6TANA,1926,113,119.73656141441965,0.9437384760774633
6TANA,1927,70,119.34461243462025,0.5865367407208903
6TANA,1928,88,118.98413939099935,0.7395943732535568
6TANA,1929,195,118.65261457048877,1.6434530389901778
6TANA,1930,111,118.3477132510709,0.9379141932765278
6TANA,1931,131,118.0672974003374,1.1095367039342907
6TANA,1932,83,117.80940068315451,0.7045278179729176
6TANA,1933,89,117.57221467330616,0.7569815729617854
6TANA,1934,35,117.3540761724276,0.2982427295373594
6TANA,1935,83,117.15345554730736,0.7084724868954807
6TANA,1936,91,116.9689460037764,0.7779842694065314
6TANA,1937,146,116.79925372197036,1.2500079867593954
6TANA,1938,168,116.64318878379167,1.4402898424819528
6TANA,1939,107,116.49965682895262,0.918457641099319
6TANA,1940,145,116.36765138109008,1.2460507561946268
6TANA,1941,133,116.24624679014076,1.144122960288815
6TANA,1942,149,116.13459174148763,1.282994134354645
6TANA,1943,190,116.03190328636208,1.6374806809045235
6TANA,1944,151,115.93746135164196,1.3024263101812472
6TANA,1945,180,115.85060369054682,1.5537251793767533
6TANA,1946,202,115.77072123882367,1.744828034570967
6TANA,1947,117,115.69725384385998,1.0112599574567098
6TANA,1948,133,115.62968633677522,1.1502236511533308
6TANA,1949,117,115.567544919948,1.0123949598569757
6TANA,1950,164,115.51039384464711,1.4197856534068076
6TANA,1951,83,115.45783235546946,0.7188771719224827
6TANA,1952,50,115.4094918801586,0.43323992841004866
6TANA,1953,123,115.36503344509822,1.066180941719531
6TANA,1954,172,115.3241452983577,1.4914482960616349
6TANA,1955,159,115.28654072362168,1.3791722693906943
6TANA,1956,160,115.2519560296748,1.3882627723802239
6TANA,1957,87,115.22014870134315,0.7550762690430881
6TANA,1958,30,115.1908956989268,0.2604372491243638
6TANA,1959,104,115.16399189419826,0.9030600475845377
6TANA,1960,101,115.1392486320001,0.8771987067833753
6TANA,1961,128,115.11649240735514,1.1119171312747684
6TANA,1962,143,115.09556364881293,1.242445803005326
6TANA,1963,42,115.07631559950104,0.36497518869279916
6TANA,1964,129,115.05861328803498,1.1211676928268246
6TANA,1965,89,115.04233258207022,0.7736282636351115
6TANA,1966,108,115.02735931786013,0.9389070621151867
6TANA,1967,143,115.01358849971561,1.243331347759431
6TANA,1968,144,115.00092356375315,1.2521638569291196
6TANA,1969,123,114.98927570076857,1.069664968758281
6TANA,1970,110,114.97856323348806,0.9567000744010165
6TANA,1971,142,114.96871104382993,1.2351186571611197
6TANA,1972,166,114.95965004616076,1.443984910647732
6TANA,1973,113,114.95131670285235,0.9830248425261933
6TANA,1974,223,114.94365257874249,1.940081030983709
6TANA,1975,245,114.9366039313752,2.1316098755300033
6TANA,1976,239,114.93012133414739,2.079524473006796
6TANA,1977,184,114.92415932971896,1.6010558708730818
6TANA,1978,132,114.91867611125646,1.1486383629429089
6TANA,1979,190,114.91363322927465,1.6534156536580278
6TANA,1980,380,114.90899532202067,3.3069647762134635
6TANA,1981,142,114.9047298675099,1.2358063951216987
6TANA,1982,50,114.900806955475,0.43515795341085295
6TANA,1983,98,114.89719907762877,0.8529363708316997
6TANA,1984,84,114.89388093477018,0.7311094317345772
6TANA,1985,114,114.89082925938118,0.9922462979410653
6TANA,1986,86,114.88802265246979,0.7485549669537396
6TANA,1987,35,114.88544143351595,0.3046513079749487
6TANA,1988,63,114.88306750246753,0.5483836858608154
6TANA,1989,144,114.88088421281893,1.2534722463768417
6TANA,1990,73,114.87887625488233,0.6354518983806434
6TANA,1991,35,114.87702954843283,0.3046736161056793
6TANA,1992,45,114.87533114397502,0.39172901224198264
6TANA,1993,59,114.87376913193835,0.5136072442459472
6TANA,1994,53,114.87233255916472,0.4613817689538295
6TANA,1995,103,114.87101135210263,0.8966579016553131
6TANA,1996,264,114.86979624616927,2.2982542724655
6TANA,1997,154,114.86867872078537,1.3406613683990591
6TANA,1998,149,114.86765093962705,1.2971450080259104
6TANA,1999,100,114.86670569567592,0.8705742834214879
6TANA,2000,124,114.86583636068184,1.0795202814754827
6TANA,2001,136,114.86503683868435,1.1839982273369871
6TANA,2002,60,114.86430152326645,0.5223555030093195
6TANA,2003,83,114.86362525824123,0.7225960334561609
6TANA,2004,110,114.86300330149558,0.957662579231617
6TANA,2005,94,114.86243129173752,0.81837027949766
6TANA,2006,70,114.8619052179139,0.6094274674200927
6TANA,2007,107,114.86142139108402,0.9315573384355292
6TANA,2008,140,114.86097641855204,1.2188647908567454
6TANA,2009,89,114.86056718007663,0.7748525206258747
6TANA,2010,105,114.86019080599121,0.9141548456710652
6TANA,2011,49,114.85984465708128,0.42660688029216376
6TANA,2012,90,114.8595263060776,0.7835658294477731
6TANA,2013,40,114.85923352063574,0.3482523674756506
6TANA,2014,61,114.8589642476824,0.5310861054646054
7TANA,1917,210,424.59322346998414,0.494591030642875
7TANA,1918,200,418.8656837697953,0.47748003178488635
7TANA,1919,212,413.21540557356826,0.5130496035251422
7TANA,1920,232,407.641346664172,0.5691277440291871
7TANA,1921,204,402.14247888343743,0.5072828927856939
7TANA,1922,231,396.7177879425094,0.582277898851048
7TANA,1923,265,391.36627323475716,0.6771150661749599
7TANA,1924,327,386.086947651208,0.8469594789187557
7TANA,1925,192,380.878837398471,0.5040973169090301
7TANA,1926,411,375.7409818191171,1.0938386279031354
7TANA,1927,266,370.67243321448166,0.717614735180711
7TANA,1928,360,365.67225666985735,0.9844881404963175
7TANA,1929,453,360.7395298820457,1.2557537017030587
7TANA,1930,515,355.87334298923406,1.447144075681948
7TANA,1931,453,351.0727984031681,1.2903306723290473
7TANA,1932,649,346.33701064358786,1.8738973313709164
7TANA,1933,432,341.66510617489735,1.2643960187695038
7TANA,1934,310,337.056223245037,0.9197278632491904
7TANA,1935,632,332.5095117265303,1.9006975070228462
7TANA,1936,300,328.0241329596743,0.9145668560821424
7TANA,1937,350,323.59925959784476,1.0815846749308542
7TANA,1938,400,319.23407545488953,1.2529990710735495
7TANA,1939,278,314.927775354579,0.8827420816947574
7TANA,1940,451,310.6795649820882,1.4516564680589847
7TANA,1941,483,306.4886607374824,1.5759147462023249
7TANA,1942,454,302.3542895911783,1.501549723716062
7TANA,1943,516,298.27568894135624,1.729943200638958
7TANA,1944,618,294.2521064732946,2.100239850130309
7TANA,1945,431,290.28280002060245,1.484759000427894
7TANA,1946,576,286.36703742832395,2.0114046825105336
7TANA,1947,503,282.50409641788923,1.780505155068428
7TANA,1948,576,278.6932644538871,2.0667883779993743
7TANA,1949,451,274.9338386126352,1.6403946574049444
7TANA,1950,381,271.22512545252255,1.4047371141015228
7TANA,1951,183,267.56644088610153,0.6839422739038488
7TANA,1952,271,263.95711005390507,1.0266819482326377
7TANA,1953,100,260.396467199966,0.38402978763612444
7TANA,1954,244,256.8838555490158,0.9498456003726656
7TANA,1955,173,253.41862718533932,0.6826648929538843
7TANA,1956,266,250.0001429332646,1.0639993916763737
7TANA,1957,241,246.62777223926378,0.9771811090528603
7TANA,1958,246,243.30089305564508,1.0110936992892074
7TANA,1959,301,240.01889172581366,1.254067952050409
7TANA,1960,187,236.78116287107989,0.789758770218625
7TANA,1961,222,233.58710927899494,0.950394911282731
7TANA,1962,100,230.43614179319243,0.433959704505668
7TANA,1963,237,227.32767920471605,1.0425479239005195
7TANA,1964,329,224.2611481448133,1.4670396665745828
7TANA,1965,275,221.23598297917496,1.2430166028908862
7TANA,1966,158,218.25162570360203,0.7239350428233368
7TANA,1967,218,215.307525841079,1.0125052487060222
7TANA,1968,180,212.4031403402364,0.8474450976179935
7TANA,1969,151,209.53793347518265,0.7206332404623251
7TANA,1970,157,206.71137674668728,0.7595131069752118
7TANA,1971,100,203.92294878469698,0.4903812964453578
7TANA,1972,140,201.17213525216678,0.6959214297969832
7TANA,1973,202,198.4584287501884,1.0178454060737807
7TANA,1974,178,195.7813287243986,0.9091776072812878
7TANA,1975,300,193.1403413726496,1.553274669951902
7TANA,1976,213,190.53497955392547,1.1179049668395218
7TANA,1977,88,187.96476269848682,0.46817285717089585
7TANA,1978,65,185.42921671922784,0.3505380713462287
7TANA,1979,57,182.9278739242288,0.31159822052931185
7TANA,1980,100,180.46027293048857,0.5541385833906999
7TANA,1981,78,178.02595857882054,0.43813835141050905
7TANA,1982,50,175.6244818498964,0.2846983488482787
7TANA,1983,78,173.25539978142305,0.45020241850126386
7TANA,1984,94,170.91827538643614,0.5499704451584919
7TANA,1985,65,168.61267757269607,0.3854988897378475
7TANA,1986,97,166.33818106317128,0.5831493369712977
7TANA,1987,200,164.09436631759414,1.2188108860051465
7TANA,1988,193,161.8808194550749,1.1922351310654271
7TANA,1989,200,159.6971321777599,1.2523706423067054
7TANA,1990,176,157.54290169551905,1.1171560134150171
7TANA,1991,50,155.41773065164978,0.32171361523782
7TANA,1992,62,153.3212270495828,0.40437975349590516
7TANA,1993,98,151.2530041805768,0.6479210150629504
7TANA,1994,121,149.21268055238832,0.8109230365144275
7TANA,1995,122,147.19987981890412,0.8288050245020117
7TANA,1996,170,145.21423071072238,1.1706841620684734
7TANA,1997,169,143.2553669666706,1.1797114731437537
7TANA,1998,150,141.32292726624735,1.0613989032183389
7TANA,1999,210,139.41655516297496,1.506277355329247
7TANA,2000,155,137.53589901865175,1.1269784914771952
7TANA,2001,133,135.68061193849067,0.9802432204558018
7TANA,2002,50,133.8503517071334,0.37355150257207215
7TANA,2003,107,132.04478072552703,0.8103311574458516
7TANA,2004,76,130.2635659486527,0.5834325158115024
7TANA,2005,52,128.50637882409407,0.4046491736505951
7TANA,2006,94,126.77289523143435,0.7414834206349493
7TANA,2007,100,125.06279542247103,0.7995983110899839
7TANA,2008,114,123.37576396223714,0.9240064364253349
7TANA,2009,113,121.71148967081768,0.9284250838242233
7TANA,2010,96,120.06966556595144,0.799535832364499
7TANA,2011,71,118.4499888064067,0.5994090899919087
7TANA,2012,137,116.85216063612104,1.1724216245056824
7TANA,2013,70,115.27588632909445,0.6072388790849202
7TANA,2014,135,113.72087513502599,1.1871171395727331
8TANA,1908,477,481.68079530884853,0.9902823709094583
8TANA,1909,379,474.572797781625,0.7986129878737742
8TANA,1910,503,467.5696905247612,1.0757754623390468
8TANA,1911,188,460.6699257086786,0.40810130965416797
8TANA,1912,560,453.87197834458664,1.2338280984926533
8TANA,1913,150,447.1743459474286,0.3354396363731352
8TANA,1914,409,440.57554820380244,0.9283311379114573
8TANA,1915,560,434.07412664478045,1.2901022328342309
8TANA,1916,631,427.66864432355885,1.47544134547916
8TANA,1917,356,421.35768549786235,0.8448878761505493
8TANA,1918,249,415.13985531703673,0.5997978676603865
8TANA,1919,311,409.0137795137584,0.7603655807628814
8TANA,1920,305,402.97810410029285,0.7568649435208318
8TANA,1921,334,397.0314950692363,0.8412430856190777
8TANA,1922,376,391.17263809867245,0.9612124248454076
8TANA,1923,335,385.40023826168067,0.8692262400018038
8TANA,1924,397,379.71301974013073,1.0455264353898115
8TANA,1925,168,374.109725542701,0.44906611223830484
8TANA,1926,397,368.5891172270575,1.0770800912047571
8TANA,1927,295,363.1499746261333,0.8123365568280861
8TANA,1928,499,357.79109557844623,1.3946685822162768
8TANA,1929,442,352.51129566239695,1.253860529970952
8TANA,1930,409,347.30940793448775,1.17762430460032
8TANA,1931,363,342.1842826714037,1.060831892003016
8TANA,1932,412,337.13478711590085,1.2220631502448955
8TANA,1933,420,332.1598052264437,1.2644516085071549
8TANA,1934,100,327.2582374305369,0.30556908447942666
8TANA,1935,417,322.4290003816978,1.2933079825522742
8TANA,1936,495,317.6710267200143,1.5582157589595922
8TANA,1937,378,312.9832648362369,1.207732305424643
8TANA,1938,601,308.3646786393513,1.948991053877805
8TANA,1939,533,303.8142473275815,1.754361438571061
8TANA,1940,420,299.33096516277135,1.403129140921357
8TANA,1941,463,294.9138412480963,1.569950050633606
8TANA,1942,327,290.5618993090548,1.1254056391343588
8TANA,1943,350,286.27417747769164,1.2226041590051353
8TANA,1944,408,282.0497280800056,1.4465534243814893
8TANA,1945,233,277.8876174264944,0.838468450511769
8TANA,1946,327,273.78692560578963,1.1943594431197524
8TANA,1947,215,269.7467462813383,0.7970439049365253
8TANA,1948,301,265.76618649108354,1.1325744782438625
8TANA,1949,253,261.84436645010175,0.9662228117793508
8TANA,1950,323,257.98041935615265,1.2520330062495368
8TANA,1951,136,254.1734911980976,0.5350676003187304
8TANA,1952,218,250.42274056714615,0.8705279700488998
8TANA,1953,198,246.7273384708876,0.802505313059837
8TANA,1954,226,243.08646815006642,0.9297103278512472
8TANA,1955,202,239.49932489806224,0.8434261770298391
8TANA,1956,286,235.9651158830327,1.2120435638536056
8TANA,1957,101,232.48305997268199,0.4344402556120349
8TANA,1958,90,229.05238756161435,0.3929232127117221
8TANA,1959,422,225.67234040123574,1.8699677561268788
8TANA,1960,263,222.34217143216526,1.1828615251256511
8TANA,1961,563,219.06114461911991,2.5700586974421418
8TANA,1962,100,215.8285347882358,0.46333076438718757
8TANA,1963,344,212.64362746678987,1.617730115395652
8TANA,1964,442,209.50571872528678,2.1097276135911596
8TANA,1965,373,206.41411502187637,1.8070469645957514
8TANA,1966,248,203.3681330490664,1.2194634246859382
8TANA,1967,332,200.36709958269793,1.656958655844459
8TANA,1968,266,197.41035133314904,1.34744707257574
8TANA,1969,333,194.4972347987341,1.7121066031843006
8TANA,1970,294,191.62710612126673,1.5342297128567446
8TANA,1971,70,188.799330943754,0.370764025752051
8TANA,1972,213,186.01328427019044,1.1450795078195086
8TANA,1973,174,183.26835032742142,0.9494274362656571
8TANA,1974,115,180.56392242904448,0.6368935635256324
8TANA,1975,182,177.89940284131941,1.0230500895066983
8TANA,1976,156,175.2742026510568,0.8900340018124133
8TANA,1977,68,172.6877416354563,0.39377433137986106
8TANA,1978,52,170.13944813386547,0.3056316484527825
8TANA,1979,53,167.6287589214312,0.31617486367504205
8TANA,1980,114,165.15511908461542,0.690260166514084
8TANA,1981,53,162.71798189854795,0.3257169206599714
8TANA,1982,60,160.31680870618916,0.3742589469202904
8TANA,1983,72,157.9510687992757,0.45583737132857033
8TANA,1984,122,155.62023930102325,0.7839597249558902
8TANA,1985,52,153.32380505056003,0.3391515099879793
8TANA,1986,106,151.06125848906572,0.7017020847054085
8TANA,1987,176,148.83209954759064,1.182540597995946
8TANA,1988,156,146.6358355365303,1.0638600000416465
8TANA,1989,163,144.47198103673082,1.1282464518746966
8TANA,1990,105,142.3400577922018,0.737670067222303
8TANA,1991,41,140.23959460441145,0.2923568063331401
8TANA,1992,51,138.17012722814243,0.36911017615110325
8TANA,1993,156,136.1311982688841,1.1459533301974714
8TANA,1994,75,134.12235708173907,0.5591908883191805
8TANA,1995,77,132.14315967182134,0.5827013686613076
8TANA,1996,85,130.1931685961245,0.6528760373263565
8TANA,1997,74,128.2719528668379,0.5768993014148707
8TANA,1998,82,126.37908785608941,0.6488415242668563
8TANA,1999,107,124.51415520209423,0.8593400471322504
8TANA,2000,95,122.67674271668815,0.7743929117794942
8TANA,2001,120,120.86644429422573,0.9928313908853268
8TANA,2002,103,119.08285982182261,0.8649439571245892
8TANA,2003,52,117.32559509092236,0.44321104836248393
8TANA,2004,130,115.59426171016845,1.124623299432902
8TANA,2005,52,113.88847701956173,0.45658701706115856
8TANA,2006,67,112.20786400588484,0.5971060994128373
8TANA,2007,80,110.55205121937449,0.7236410280732976
8TANA,2008,120,108.92067269162368,1.1017192332234682
8TANA,2009,42,107.31336785469496,0.3913771493675333
8TANA,2010,47,105.72978146142779,0.4445294348513005
8TANA,2011,36,104.16956350692156,0.3455903892465478
8TANA,2012,59,102.63236915117734,0.5748673687254854
8TANA,2013,43,101.11785864288129,0.4252463469570042
8TANA,2014,69,99.62569724431259,0.6925923924104738
9TANA,1892,443,446.8328219967749,0.9914222460658842
9TANA,1893,659,441.69463734601055,1.4919809847810284
9TANA,1894,721,436.61553730185005,1.651338393625565
9TANA,1895,560,431.59484244325756,1.2975131881322794
9TANA,1896,475,426.6318811619419,1.113372021580587
9TANA,1897,598,421.725989572517,1.4179823268804546
9TANA,1898,371,416.8765114236948,0.8899517958759063
9TANA,1899,315,412.0827980105005,0.7644094864449386
9TANA,1900,284,407.34420808749604,0.6971990625161849
9TANA,1901,259,402.6601077830023,0.6432223977339663
9TANA,1902,128,398.029870514307,0.3215839048325874
9TANA,1903,191,393.4528769038486,0.4854456815845733
9TANA,1904,70,388.92851469636287,0.17998166078064273
9TANA,1905,80,384.45617867698274,0.20808613422549624
9TANA,1906,77,380.0352705902804,0.20261277296815544
9TANA,1907,158,375.6651990602393,0.42058726865105256
9TANA,1908,276,371.34537951114726,0.7432433934234932
9TANA,1909,528,367.07523408939886,1.4383972302294001
9TANA,1910,500,362.8541915861973,1.3779639634704983
9TANA,1911,463,358.6816873611448,1.2908381339631108
9TANA,1912,644,354.55716326671154,1.8163502721719331
9TANA,1913,317,350.480067573574,0.9044736900293318
9TANA,1914,469,346.4498548968106,1.353731264051736
9TANA,1915,355,342.46598612294696,1.0365992956525418
9TANA,1916,588,338.5279283378398,1.7369320247433033
9TANA,1917,355,334.63515475539,1.06085686143614
9TANA,1918,471,330.78714464707554,1.4238763737403424
9TANA,1919,400,326.9833832722944,1.223303753227427
9TANA,1920,300,323.22336180950936,0.9281507324238649
9TANA,1921,322,319.5065772881833,1.0078039792888762
9TANA,1922,594,315.83253252149814,1.8807435550027372
9TANA,1923,241,312.20073603984736,0.7719392435040264
9TANA,1924,539,308.6107020250926,1.7465369686245515
9TANA,1925,124,305.0619502455773,0.4064748156896624
9TANA,1926,164,301.5540059918864,0.543849515315053
9TANA,1927,66,298.0864000133462,0.22141231534563466
9TANA,1928,253,294.65866845525306,0.8586205908224304
9TANA,1929,541,291.2703527968246,1.8573809342599796
9TANA,1930,462,287.92099978986454,1.604606820402766
9TANA,1931,480,284.6101613981323,1.686517437192072
9TANA,1932,363,281.33739473741014,1.2902657335645362
9TANA,1933,225,278.1022620162596,0.8090549079634781
9TANA,1934,189,274.904330477459,0.6875119052207772
9TANA,1935,332,271.743172340114,1.2217418275535126
9TANA,1936,207,268.6183647424347,0.7706100072438546
9TANA,1937,171,265.5294896851702,0.6439962664890789
9TANA,1938,204,262.4761339756931,0.777213519987656
9TANA,1939,175,259.45788917272824,0.6744832487382864
9TANA,1940,92,256.47435153171614,0.3587103328288291
9TANA,1941,121,253.52512195080482,0.4772702565684177
9TANA,1942,227,250.6098059174625,0.9057905741915051
9TANA,1943,262,247.72801345570508,1.0576115165386688
9TANA,1944,165,244.87935907392904,0.6738011755012252
9TANA,1945,236,242.06346171334584,0.9749509419123888
9TANA,1946,261,239.27994469700775,1.0907725690529377
9TANA,1947,158,236.5284356794209,0.6679957931745064
9TANA,1948,400,233.80856659673728,1.710801301347963
9TANA,1949,353,231.1199736175196,1.5273452764587956
9TANA,1950,217,228.4622970940722,0.9498284958180542
9TANA,1951,229,225.8351815143317,1.0140138417072428
9TANA,1952,184,223.23827545431115,0.8242314165236336
9TANA,1953,50,220.6712315310903,0.22658141549799396
9TANA,1954,157,218.13370635634726,0.7197420454751816
9TANA,1955,325,215.62536049042382,1.507243856941557
9TANA,1956,167,213.14585839691952,0.783501031903764
9TANA,1957,100,210.69486839780765,0.4746200074089727
9TANA,1958,277,208.27206262906705,1.329991149573131
9TANA,1959,385,205.87711699682472,1.8700475585440508
9TANA,1960,190,203.5097111340022,0.9336163809642153
9TANA,1961,220,201.16952835746088,1.0936049897630569
9TANA,1962,150,198.85625562563976,0.7543137103133686
9TANA,1963,151,196.56958349668076,0.7681758149655425
9TANA,1964,187,194.30920608703502,0.9623836346500172
9TANA,1965,100,192.07482103054556,0.5206304473614324
9TANA,1966,222,189.8661294380005,1.1692448814178444
9TANA,1967,287,187.68283585715116,1.5291755300332361
9TANA,1968,255,185.52464823318985,1.3744804392755678
9TANA,1969,218,183.39127786968263,1.1887152024476881
9TANA,1970,231,181.28243938995058,1.2742546976825684
9TANA,1971,293,179.19785069889582,1.6350642536015942
9TANA,1972,221,177.1372329452661,1.2476202564837802
9TANA,1973,304,175.1003104843534,1.736147692480333
9TANA,1974,100,173.08681084112158,0.5777447716209364
9TANA,1975,270,171.09646467375788,1.5780571534007364
9TANA,1976,267,169.12900573764355,1.5786765778909384
9TANA,1977,188,167.18417084973893,1.1245083732775745
9TANA,1978,247,165.26169985337805,1.4945991734270012
9TANA,1979,131,163.3613355834678,0.8019033361359053
9TANA,1980,206,161.48282383208755,1.275677469042789
9TANA,1981,171,159.6259133144844,1.071254638105701
9TANA,1982,70,157.7903556354591,0.4436266064430455
9TANA,1983,78,155.97590525613893,0.5000772386729267
9TANA,1984,73,154.18231946113224,0.4734654417908309
9TANA,1985,94,152.40935832606112,0.61676002728716
9TANA,1986,120,150.65678468546704,0.796512418943026
9TANA,1987,163,148.9243641010858,1.0945153332288868
9TANA,1988,205,147.21186483048712,1.3925507990545145
9TANA,1989,125,145.51905779607492,0.8589940169566684
9TANA,1990,61,143.8457165544441,0.4240654602802311
9TANA,1991,41,142.1916172660897,0.2883432989110379
9TANA,1992,78,140.55653866546433,0.5549368299801845
9TANA,1993,122,138.94026203137977,0.8780752117226193
9TANA,1994,115,137.3425711577493,0.8373223176950212
9TANA,1995,103,135.763252324666,0.7586736339645462
9TANA,1996,223,134.20209426981418,1.6616730253974803
9TANA,1997,174,132.6588881602089,1.311634692655229
9TANA,1998,148,131.1334275642611,1.1286214563977102
9TANA,1999,179,129.6255084241634,1.3809010446792025
9TANA,2000,171,128.13492902859394,1.3345307270731817
9TANA,2001,174,126.6614899857336,1.3737403532802144
9TANA,2002,150,125.20499419659407,1.1980352777659442
9TANA,2003,125,123.76524682865202,1.0099765742240827
9TANA,2004,74,122.34205528978688,0.6048615075553461
9TANA,2005,67,120.93522920251824,0.5540155704985
9TANA,2006,101,119.54458037853922,0.8448730982214534
9TANA,2007,128,118.16992279354311,1.0831859493014242
9TANA,2008,140,116.81107256233926,1.1985165184172533
9TANA,2009,103,115.46784791425497,0.8920232069838745
9TANA,2010,115,114.14006916882052,1.0075339960580152
9TANA,2011,35,112.82755871173364,0.3102078995560163
9TANA,2012,99,111.53014097110037,0.8876524241608628
9TANA,2013,31,110.24764239394923,0.28118515123640764
9TANA,2014,90,108.97989142301533,0.8258404263834035
